id,name,age,city
1,Name_1,21,City_1
2,Name_2,22,City_2
3,Name_3,23,City_3
4,Name_4,24,City_4
5,Name_5,25,City_5
6,Name_6,26,City_6
7,Name_7,27,City_7
8,Name_8,28,City_8
9,Name_9,29,City_9
10,Name_10,30,City_0
11,Name_11,31,City_1
12,Name_12,32,City_2
13,Name_13,33,City_3
14,Name_14,34,City_4
15,Name_15,35,City_5
16,Name_16,36,City_6
17,Name_17,37,City_7
18,Name_18,38,City_8
19,Name_19,39,City_9
20,Name_20,40,City_0
21,Name_21,41,City_1
22,Name_22,42,City_2
23,Name_23,43,City_3
24,Name_24,44,City_4
25,Name_25,45,City_5
26,Name_26,46,City_6
27,Name_27,47,City_7
28,Name_28,48,City_8
29,Name_29,49,City_9
30,Name_30,20,City_0
31,Name_31,21,City_1
32,Name_32,22,City_2
33,Name_33,23,City_3
34,Name_34,24,City_4
35,Name_35,25,City_5
36,Name_36,26,City_6
37,Name_37,27,City_7
38,Name_38,28,City_8
39,Name_39,29,City_9
40,Name_40,30,City_0
41,Name_41,31,City_1
42,Name_42,32,City_2
43,Name_43,33,City_3
44,Name_44,34,City_4
45,Name_45,35,City_5
46,Name_46,36,City_6
47,Name_47,37,City_7
48,Name_48,38,City_8
49,Name_49,39,City_9
50,Name_50,40,City_0
51,Name_51,41,City_1
52,Name_52,42,City_2
53,Name_53,43,City_3
54,Name_54,44,City_4
55,Name_55,45,City_5
56,Name_56,46,City_6
57,Name_57,47,City_7
58,Name_58,48,City_8
59,Name_59,49,City_9
60,Name_60,20,City_0
61,Name_61,21,City_1
62,Name_62,22,City_2
63,Name_63,23,City_3
64,Name_64,24,City_4
65,Name_65,25,City_5
66,Name_66,26,City_6
67,Name_67,27,City_7
68,Name_68,28,City_8
69,Name_69,29,City_9
70,Name_70,30,City_0
71,Name_71,31,City_1
72,Name_72,32,City_2
73,Name_73,33,City_3
74,Name_74,34,City_4
75,Name_75,35,City_5
76,Name_76,36,City_6
77,Name_77,37,City_7
78,Name_78,38,City_8
79,Name_79,39,City_9
80,Name_80,40,City_0
81,Name_81,41,City_1
82,Name_82,42,City_2
83,Name_83,43,City_3
84,Name_84,44,City_4
85,Name_85,45,City_5
86,Name_86,46,City_6
87,Name_87,47,City_7
88,Name_88,48,City_8
89,Name_89,49,City_9
90,Name_90,20,City_0
91,Name_91,21,City_1
92,Name_92,22,City_2
93,Name_93,23,City_3
94,Name_94,24,City_4
95,Name_95,25,City_5
96,Name_96,26,City_6
97,Name_97,27,City_7
98,Name_98,28,City_8
99,Name_99,29,City_9
100,Name_100,30,City_0
